Job Title,Address,Job Link
School Teacher (Australia) - New Delhi,"Delhi, Delhi, India
1 month ago",https://in.linkedin.com/jobs/view/school-teacher-australia-new-delhi-at-teachvic-3909915971?position=1&pageNum=0&refId=CJGF6GdVh0RAuSUXgrL92w%3D%3D&trackingId=KW10DKxn2tqCo2Lmvb80nQ%3D%3D&trk=public_jobs_jserp-result_search-card
"Teacher - (9th-12th Physics,Chemistry,Maths)","Delhi, India
Actively Hiring
11 months ago",https://in.linkedin.com/jobs/view/teacher-9th-12th-physics-chemistry-maths-at-filo-3656599148?position=2&pageNum=0&refId=CJGF6GdVh0RAuSUXgrL92w%3D%3D&trackingId=F2%2FCugmdJviSX4xen0Y9%2FQ%3D%3D&trk=public_jobs_jserp-result_search-card
School Teacher (Australia) - Bangalore,"Delhi, Delhi, India
1 month ago",https://in.linkedin.com/jobs/view/school-teacher-australia-bangalore-at-teachvic-3909916915?position=3&pageNum=0&refId=CJGF6GdVh0RAuSUXgrL92w%3D%3D&trackingId=DflhqvyjLrzV1n3LoGGy2w%3D%3D&trk=public_jobs_jserp-result_search-card
"Online English Tutor in Pune, Hyderabad, Mumbai, Madhya Pradesh, Delhi","Delhi, India
Be an early applicant
4 weeks ago",https://in.linkedin.com/jobs/view/online-english-tutor-in-pune-hyderabad-mumbai-madhya-pradesh-delhi-at-planetspark-3919401841?position=4&pageNum=0&refId=CJGF6GdVh0RAuSUXgrL92w%3D%3D&trackingId=jf9QDlqirDrrzxyNIraCrw%3D%3D&trk=public_jobs_jserp-result_search-card
Pre School Teacher - The Shri Ram Wonder Years - Civil Lines,"Delhi Cantonment, Delhi, India
2 weeks ago",https://in.linkedin.com/jobs/view/pre-school-teacher-the-shri-ram-wonder-years-civil-lines-at-shri-educare-limited-3929900514?position=5&pageNum=0&refId=CJGF6GdVh0RAuSUXgrL92w%3D%3D&trackingId=UR6JtOSxKSPskuOyXBAOyA%3D%3D&trk=public_jobs_jserp-result_search-card
Science Teacher PRT - MRG School,"Delhi Cantonment, Delhi, India
2 weeks ago",https://in.linkedin.com/jobs/view/science-teacher-prt-mrg-school-at-shri-educare-limited-3930190391?position=6&pageNum=0&refId=CJGF6GdVh0RAuSUXgrL92w%3D%3D&trackingId=%2Fvtepi3GQ%2FNViufQuU7icQ%3D%3D&trk=public_jobs_jserp-result_search-card
"English Teacher in Hyderabad, Mumbai, Madhya Pradesh, Delhi, Pune","Delhi, India
Be an early applicant
3 weeks ago",https://in.linkedin.com/jobs/view/english-teacher-in-hyderabad-mumbai-madhya-pradesh-delhi-pune-at-planetspark-3922236047?position=7&pageNum=0&refId=CJGF6GdVh0RAuSUXgrL92w%3D%3D&trackingId=boqaSK7CdImvBDQrWxOLpw%3D%3D&trk=public_jobs_jserp-result_search-card
Academics Centre Head,"New Delhi, Delhi, India
Actively Hiring
8 months ago",https://in.linkedin.com/jobs/view/academics-centre-head-at-zigsaw-3753066026?position=8&pageNum=0&refId=CJGF6GdVh0RAuSUXgrL92w%3D%3D&trackingId=C8cwxVCc38J40%2F%2FgCJdp%2BQ%3D%3D&trk=public_jobs_jserp-result_search-card
Teacher in Delhi,"Delhi, India
3 weeks ago",https://in.linkedin.com/jobs/view/teacher-in-delhi-at-zeneai-career-institute-3923033232?position=10&pageNum=0&refId=CJGF6GdVh0RAuSUXgrL92w%3D%3D&trackingId=pFZ%2B2mFWosrCnZma6xskrw%3D%3D&trk=public_jobs_jserp-result_search-card
Teacher,"Delhi, Delhi, India
1 month ago",https://in.linkedin.com/jobs/view/teacher-at-dolphin-placements-3917305247?position=11&pageNum=0&refId=CJGF6GdVh0RAuSUXgrL92w%3D%3D&trackingId=lZop6uwlFbNEe6dvGUwAtw%3D%3D&trk=public_jobs_jserp-result_search-card
Associate- Content (Maths/ Science/ English),"New Delhi, Delhi, India
2 weeks ago",https://in.linkedin.com/jobs/view/associate-content-maths-science-english-at-transform-schools-people-for-action-3931390007?position=12&pageNum=0&refId=CJGF6GdVh0RAuSUXgrL92w%3D%3D&trackingId=3K9KUh2FbnSAn%2BtEqbJXmw%3D%3D&trk=public_jobs_jserp-result_search-card
PGT English Teacher in Vasant kunj,"Delhi, Delhi, India
2 months ago",https://in.linkedin.com/jobs/view/pgt-english-teacher-in-vasant-kunj-at-pedagogy-consulting-3893618237?position=13&pageNum=0&refId=CJGF6GdVh0RAuSUXgrL92w%3D%3D&trackingId=R9P8owgvTty10m%2BBYgMoog%3D%3D&trk=public_jobs_jserp-result_search-card
Subject Lead (Maths/ Science/ English),"New Delhi, Delhi, India
2 weeks ago",https://in.linkedin.com/jobs/view/subject-lead-maths-science-english-at-transform-schools-people-for-action-3931503569?position=15&pageNum=0&refId=CJGF6GdVh0RAuSUXgrL92w%3D%3D&trackingId=NUR6vDWaSCGRTXe3zYtdag%3D%3D&trk=public_jobs_jserp-result_search-card
English Teacher - WFH,"New Delhi, Delhi, India
Actively Hiring
1 week ago",https://in.linkedin.com/jobs/view/english-teacher-wfh-at-planetspark-3935977080?position=17&pageNum=0&refId=CJGF6GdVh0RAuSUXgrL92w%3D%3D&trackingId=Csyu98e%2BWXDFolJDt5fjlg%3D%3D&trk=public_jobs_jserp-result_search-card
Teaching Internship in Delhi,"Delhi, India
3 weeks ago",https://in.linkedin.com/jobs/view/teaching-internship-in-delhi-at-anmol-aashayein-trust-3924898489?position=18&pageNum=0&refId=CJGF6GdVh0RAuSUXgrL92w%3D%3D&trackingId=E9KqLhf7RXc0P%2BeKS%2B3XmQ%3D%3D&trk=public_jobs_jserp-result_search-card
Assistant / Associate Professor : Communication Design,"New Delhi, Delhi, India
Actively Hiring
3 days ago",https://in.linkedin.com/jobs/view/assistant-associate-professor-communication-design-at-indian-institute-of-art-and-design-3906481770?position=20&pageNum=0&refId=CJGF6GdVh0RAuSUXgrL92w%3D%3D&trackingId=Wm%2BmVBfokDR2D1VVRnInSw%3D%3D&trk=public_jobs_jserp-result_search-card
"Sports Coach in Chennai, Delhi, Gurgaon, Pune, Bangalore, Hyderabad, Mumbai","Delhi, India
1 month ago",https://in.linkedin.com/jobs/view/sports-coach-in-chennai-delhi-gurgaon-pune-bangalore-hyderabad-mumbai-at-go-alpha-kids-3915586768?position=21&pageNum=0&refId=CJGF6GdVh0RAuSUXgrL92w%3D%3D&trackingId=L6PBTCHt%2F1MK1Neffgu6cQ%3D%3D&trk=public_jobs_jserp-result_search-card
Senior Lecturer - Teaching and Research - Part Time,"Delhi, India
1 day ago",https://in.linkedin.com/jobs/view/senior-lecturer-teaching-and-research-part-time-at-unsw-3941144381?position=22&pageNum=0&refId=CJGF6GdVh0RAuSUXgrL92w%3D%3D&trackingId=0X4GNAIC00BS8QL4cYGZ5w%3D%3D&trk=public_jobs_jserp-result_search-card
Fine Art Trainer,"New Delhi, Delhi, India
Actively Hiring
1 week ago",https://in.linkedin.com/jobs/view/fine-art-trainer-at-arena-animation-3935676533?position=24&pageNum=0&refId=CJGF6GdVh0RAuSUXgrL92w%3D%3D&trackingId=7Dh38JlWGwx7uqSW1AP47g%3D%3D&trk=public_jobs_jserp-result_search-card
Associate Lecturer,"Delhi, India
Be an early applicant
1 day ago",https://in.linkedin.com/jobs/view/associate-lecturer-at-unsw-3941145062?position=25&pageNum=0&refId=CJGF6GdVh0RAuSUXgrL92w%3D%3D&trackingId=Y7NiDe89pdPVmtoxUQiUYg%3D%3D&trk=public_jobs_jserp-result_search-card
Clinical Education Facilitator - Delhi,"Delhi, India
Actively Hiring
5 days ago",https://in.linkedin.com/jobs/view/clinical-education-facilitator-delhi-at-galderma-3939188210?position=26&pageNum=0&refId=CJGF6GdVh0RAuSUXgrL92w%3D%3D&trackingId=Girp%2Fa7G0Q5UG%2Fv8Xp78Qg%3D%3D&trk=public_jobs_jserp-result_search-card
Trainer,"Delhi, India
1 week ago",https://in.linkedin.com/jobs/view/trainer-at-rnfi-services-private-limited-3927827444?position=27&pageNum=0&refId=CJGF6GdVh0RAuSUXgrL92w%3D%3D&trackingId=fzgOPOMdh6FzsppLGt0UPg%3D%3D&trk=public_jobs_jserp-result_search-card
Assistant / Associate Professor : Fashion Communication Design,"New Delhi, Delhi, India
Actively Hiring
4 days ago",https://in.linkedin.com/jobs/view/assistant-associate-professor-fashion-communication-design-at-indian-institute-of-art-and-design-3924222351?position=28&pageNum=0&refId=CJGF6GdVh0RAuSUXgrL92w%3D%3D&trackingId=CuXxhuYPaLGATW4mfLsL8Q%3D%3D&trk=public_jobs_jserp-result_search-card
Professor - School of Economics,"Delhi, India
Be an early applicant
1 day ago",https://in.linkedin.com/jobs/view/professor-school-of-economics-at-unsw-3941145076?position=31&pageNum=0&refId=CJGF6GdVh0RAuSUXgrL92w%3D%3D&trackingId=Fg7wb6ZMiNkFCFrcjj57LQ%3D%3D&trk=public_jobs_jserp-result_search-card
Professor - Management,"Delhi, Delhi, India
2 months ago",https://in.linkedin.com/jobs/view/professor-management-at-hemocean-outsourcing-3893629033?position=32&pageNum=0&refId=CJGF6GdVh0RAuSUXgrL92w%3D%3D&trackingId=KyejNlkGlgUv7Byrsci7%2Fg%3D%3D&trk=public_jobs_jserp-result_search-card
Maths Teacher (IGCSE) needed in a School in Delhi -ZR_9085_JOB,"Delhi, Delhi, India
Actively Hiring
3 weeks ago",https://in.linkedin.com/jobs/view/maths-teacher-igcse-needed-in-a-school-in-delhi-zr-9085-job-at-educohire-3925622836?position=33&pageNum=0&refId=CJGF6GdVh0RAuSUXgrL92w%3D%3D&trackingId=HrPlgfiiI6CUDD%2FGk7WOHw%3D%3D&trk=public_jobs_jserp-result_search-card
"Associate, Instructional Design, New Delhi","Delhi Cantonment, Delhi, India
Actively Hiring
6 days ago",https://in.linkedin.com/jobs/view/associate-instructional-design-new-delhi-at-newglobe-3928685985?position=34&pageNum=0&refId=CJGF6GdVh0RAuSUXgrL92w%3D%3D&trackingId=1XhwDIILRqZyJpjGCX8QxA%3D%3D&trk=public_jobs_jserp-result_search-card
Teacher,"New Delhi, Delhi, India
Be an early applicant
50 minutes ago",https://in.linkedin.com/jobs/view/teacher-at-study-funda-3939436315?position=35&pageNum=0&refId=CJGF6GdVh0RAuSUXgrL92w%3D%3D&trackingId=s3lu62fZyWp5XW%2FndfDq5Q%3D%3D&trk=public_jobs_jserp-result_search-card
Maths Teacher (IGCSE) needed in a School in Delhi -ZR_9085_JOB,"Delhi Cantonment, Delhi, India
Actively Hiring
1 week ago",https://in.linkedin.com/jobs/view/maths-teacher-igcse-needed-in-a-school-in-delhi-zr-9085-job-at-educohire-3931124638?position=37&pageNum=0&refId=CJGF6GdVh0RAuSUXgrL92w%3D%3D&trackingId=wZ8YG3oAjDL92q4Tqib4GA%3D%3D&trk=public_jobs_jserp-result_search-card
Preschool Teacher,"New Delhi, Delhi, India
4 days ago",https://in.linkedin.com/jobs/view/preschool-teacher-at-ikidz-education-3937831847?position=38&pageNum=0&refId=CJGF6GdVh0RAuSUXgrL92w%3D%3D&trackingId=%2F%2BEsOdw9vd0yJlg4HjuH9Q%3D%3D&trk=public_jobs_jserp-result_search-card
Schools Engagement Manager,"Delhi, Delhi, India
4 months ago",https://in.linkedin.com/jobs/view/schools-engagement-manager-at-khan-academy-3811061184?position=39&pageNum=0&refId=CJGF6GdVh0RAuSUXgrL92w%3D%3D&trackingId=sW6iwRUK0ZwPpiKTxJCCKQ%3D%3D&trk=public_jobs_jserp-result_search-card
Radiology Teacher,"Delhi, Delhi, India
1 week ago",https://in.linkedin.com/jobs/view/radiology-teacher-at-institute-of-paramedical-science-and-management-ipsm-3925911946?position=40&pageNum=0&refId=CJGF6GdVh0RAuSUXgrL92w%3D%3D&trackingId=TB3I5PhTjdGGPWYTexcm9A%3D%3D&trk=public_jobs_jserp-result_search-card
Professor of Chemistry,"Delhi, India
Actively Hiring
1 week ago",https://in.linkedin.com/jobs/view/professor-of-chemistry-at-pw-physicswallah-3935788970?position=41&pageNum=0&refId=CJGF6GdVh0RAuSUXgrL92w%3D%3D&trackingId=u5TXRxdoueFeGYjZOUX5wA%3D%3D&trk=public_jobs_jserp-result_search-card
Electronics Engineer & Educator,"Delhi, India
12 months ago",https://in.linkedin.com/jobs/view/electronics-engineer-educator-at-eckovation-3627623807?position=44&pageNum=0&refId=CJGF6GdVh0RAuSUXgrL92w%3D%3D&trackingId=fZbCggyD3GeiLFver7E5vQ%3D%3D&trk=public_jobs_jserp-result_search-card
Primary Teacher - Sports (after school activity),"South Delhi, Delhi, India
Be an early applicant
20 hours ago",https://in.linkedin.com/jobs/view/primary-teacher-sports-after-school-activity-at-spaceboat-3939045127?position=45&pageNum=0&refId=CJGF6GdVh0RAuSUXgrL92w%3D%3D&trackingId=UzFCRUe05sDMbv30qLY8%2BA%3D%3D&trk=public_jobs_jserp-result_search-card
Physical Education Teacher (After School Activity),"South Delhi, Delhi, India
Be an early applicant
19 hours ago",https://in.linkedin.com/jobs/view/physical-education-teacher-after-school-activity-at-curioboat-3939036814?position=46&pageNum=0&refId=CJGF6GdVh0RAuSUXgrL92w%3D%3D&trackingId=eEX48BRev7SJsZKWH%2FzONg%3D%3D&trk=public_jobs_jserp-result_search-card
STEM & Robotics Instructor,"New Delhi, Delhi, India
5 days ago",https://in.linkedin.com/jobs/view/stem-robotics-instructor-at-aviotron-aerospace-3933094023?position=47&pageNum=0&refId=CJGF6GdVh0RAuSUXgrL92w%3D%3D&trackingId=IS6gWpic8XGDBjPqtw92wQ%3D%3D&trk=public_jobs_jserp-result_search-card
Lecturer in Physics,"Delhi, India
Actively Hiring
1 week ago",https://in.linkedin.com/jobs/view/lecturer-in-physics-at-pw-physicswallah-3935791640?position=48&pageNum=0&refId=CJGF6GdVh0RAuSUXgrL92w%3D%3D&trackingId=WuDS2%2FX4KR1%2B654DjzmCNQ%3D%3D&trk=public_jobs_jserp-result_search-card
Assistant Editor: ELT,"New Delhi, Delhi, India
Actively Hiring
3 weeks ago",https://in.linkedin.com/jobs/view/assistant-editor-elt-at-viva-books-private-limited-3921624127?position=49&pageNum=0&refId=CJGF6GdVh0RAuSUXgrL92w%3D%3D&trackingId=GkO7kk2oILMcSyPFqd4Xjw%3D%3D&trk=public_jobs_jserp-result_search-card
"Project Manager/Project Lead, EdTech","Delhi, India
2 weeks ago",https://in.linkedin.com/jobs/view/project-manager-project-lead-edtech-at-central-square-foundation-3927611900?position=50&pageNum=0&refId=CJGF6GdVh0RAuSUXgrL92w%3D%3D&trackingId=AcsUhTxzLrFNqwPwBSRruQ%3D%3D&trk=public_jobs_jserp-result_search-card
Frontend Developer,"Delhi, India
Actively Hiring
8 months ago",https://in.linkedin.com/jobs/view/frontend-developer-at-qrata-3739042835?position=51&pageNum=0&refId=CJGF6GdVh0RAuSUXgrL92w%3D%3D&trackingId=E0NVk0bxY4QwYwvaS8hKww%3D%3D&trk=public_jobs_jserp-result_search-card
Professor - School of Information Systems and Technology Management - UNSW Business School,"Delhi, India
1 week ago",https://in.linkedin.com/jobs/view/professor-school-of-information-systems-and-technology-management-unsw-business-school-at-unsw-3650293366?position=52&pageNum=0&refId=CJGF6GdVh0RAuSUXgrL92w%3D%3D&trackingId=JMrsvurdK1B%2Frc4U8nIeag%3D%3D&trk=public_jobs_jserp-result_search-card
Professor - Discipline Lead Physiotherapy,"Delhi, India
Be an early applicant
5 days ago",https://in.linkedin.com/jobs/view/professor-discipline-lead-physiotherapy-at-unsw-3938551065?position=54&pageNum=0&refId=CJGF6GdVh0RAuSUXgrL92w%3D%3D&trackingId=pQZaAje6bAgt%2Fjv8gpwthw%3D%3D&trk=public_jobs_jserp-result_search-card
Dean / Head of Department / Professor (Optometry),"Delhi, India
Actively Hiring
2 weeks ago",https://in.linkedin.com/jobs/view/dean-head-of-department-professor-optometry-at-randstad-india-3925071886?position=55&pageNum=0&refId=CJGF6GdVh0RAuSUXgrL92w%3D%3D&trackingId=yKWjl3YUixZfjdMbDV1oBg%3D%3D&trk=public_jobs_jserp-result_search-card
Spanish Teaching,"South Delhi, Delhi, India
Be an early applicant
1 day ago",https://in.linkedin.com/jobs/view/spanish-teaching-at-spanish-with-mrityunjay-3939000129?position=56&pageNum=0&refId=CJGF6GdVh0RAuSUXgrL92w%3D%3D&trackingId=oJuhPLfRyzrFmvrdPssimw%3D%3D&trk=public_jobs_jserp-result_search-card
Assistant Professor - IT/ Computer Science,"Delhi, Delhi, India
2 months ago",https://in.linkedin.com/jobs/view/assistant-professor-it-computer-science-at-hemocean-outsourcing-3893631518?position=57&pageNum=0&refId=CJGF6GdVh0RAuSUXgrL92w%3D%3D&trackingId=IytFBhpkl6tsYKDj5v9oqA%3D%3D&trk=public_jobs_jserp-result_search-card
Multi- Sports Coach (after school activity),"South Delhi, Delhi, India
Be an early applicant
20 hours ago",https://in.linkedin.com/jobs/view/multi-sports-coach-after-school-activity-at-spaceboat-3939041957?position=59&pageNum=0&refId=CJGF6GdVh0RAuSUXgrL92w%3D%3D&trackingId=wlHXI8N%2FzIwEf6%2FJ%2Boc3bw%3D%3D&trk=public_jobs_jserp-result_search-card
